symbol,direction,zone_type,zone_accuracy,entry_price,stop_price,tp1_price,tp2_price,rr_ratio
BTCUSDT,LONG,DEMAND,normal,99809.68,103908.0,112104.64000000001,140792.88000000006,3.0
BTCUSDT,LONG,DEMAND,normal,102295.12,103616.7,106259.86,115510.92000000001,3.0
BTCUSDT,LONG,DEMAND,normal,101123.99,104158.82,110228.48000000001,131472.29000000004,3.0
BTCUSDT,LONG,DEMAND,accuracy,101395.0,104246.43,109949.28999999998,129909.29999999993,3.0
BTCUSDT,LONG,DEMAND,normal,101948.9,104052.78,108260.54000000001,122987.70000000004,3.0
BTCUSDT,LONG,DEMAND,normal,101760.75,104180.0,109018.5,125953.25,3.0
BTCUSDT,LONG,DEMAND,normal,101637.18,104306.14,109644.06000000001,128326.78000000006,3.0
BTCUSDT,LONG,DEMAND,normal,101825.5,104368.0,109453.0,127250.5,3.0
BTCUSDT,LONG,DEMAND,normal,102018.39,104416.8,109213.62000000001,126002.49000000003,3.0
BTCUSDT,LONG,DEMAND,normal,102544.6,104676.0,108938.79999999999,123858.59999999995,3.0
BTCUSDT,LONG,DEMAND,normal,101728.56,104987.99,111506.85000000002,134322.86000000007,3.0
BTCUSDT,LONG,DEMAND,normal,101747.24,105137.38,111917.66,135648.64,3.0
BTCUSDT,LONG,DEMAND,normal,101842.94,105124.03,111686.20999999999,134653.83999999997,3.0
BTCUSDT,LONG,DEMAND,normal,101975.84,105346.12,112086.68,135678.63999999998,3.0
ETHUSDT,LONG,DEMAND,accuracy,3121.73,3101.75,3181.67,3321.53,3.0
ETHUSDT,LONG,DEMAND,normal,3147.24,3098.6,3293.1599999999994,3633.6399999999985,3.0
ETHUSDT,LONG,DEMAND,normal,3188.6,3111.27,3420.5899999999997,3961.899999999999,3.0
ETHUSDT,LONG,DEMAND,normal,3165.3,3122.59,3293.4300000000003,3592.4000000000005,3.0
ETHUSDT,LONG,DEMAND,normal,3153.66,3132.97,3215.73,3360.5600000000004,3.0
ETHUSDT,LONG,DEMAND,normal,3162.54,3135.0,3245.16,3437.9399999999996,3.0
ETHUSDT,LONG,DEMAND,normal,3159.25,3140.31,3216.07,3348.6500000000005,3.0
ETHUSDT,LONG,DEMAND,normal,3164.0,3134.29,3253.13,3461.1000000000004,3.0
ETHUSDT,LONG,DEMAND,normal,3176.17,3139.65,3285.73,3541.37,3.0
ETHUSDT,LONG,DEMAND,normal,3166.51,3144.23,3233.350000000001,3389.310000000002,3.0
ETHUSDT,LONG,DEMAND,normal,3172.11,3146.72,3248.280000000001,3426.0100000000034,3.0
ETHUSDT,LONG,DEMAND,normal,3202.29,3164.83,3314.67,3576.8900000000003,3.0
ETHUSDT,LONG,DEMAND,normal,3184.09,3173.26,3216.58,3292.3899999999994,3.0
ETHUSDT,LONG,DEMAND,normal,3178.37,3193.96,3225.1400000000003,3334.2700000000013,3.0
ETHUSDT,LONG,DEMAND,normal,3174.02,3183.83,3203.45,3272.1199999999994,3.0
ETHUSDT,LONG,DEMAND,normal,3183.75,3186.85,3193.0499999999997,3214.749999999999,3.0
ETHUSDT,LONG,DEMAND,normal,3188.56,3190.4,3194.0800000000004,3206.9600000000014,3.0
ETHUSDT,LONG,DEMAND,normal,3187.96,3191.68,3199.1199999999994,3225.159999999998,3.0
ETHUSDT,LONG,DEMAND,normal,3187.79,3197.01,3215.4500000000007,3279.9900000000025,3.0
BNBUSDT,LONG,DEMAND,accuracy,663.06,670.7,685.9800000000002,739.460000000001,3.0
BNBUSDT,LONG,DEMAND,normal,670.95,666.92,683.0400000000003,711.2500000000009,3.0
BNBUSDT,LONG,DEMAND,normal,673.41,667.01,692.6099999999999,737.4099999999997,3.0
BNBUSDT,LONG,DEMAND,normal,676.57,669.52,697.7200000000003,747.0700000000007,3.0
BNBUSDT,LONG,DEMAND,normal,674.28,672.85,678.5699999999998,688.5799999999995,3.0
BNBUSDT,LONG,DEMAND,normal,674.63,672.8,680.1200000000001,692.9300000000004,3.0
BNBUSDT,LONG,DEMAND,normal,678.12,672.16,696.0000000000001,737.7200000000004,3.0
BNBUSDT,LONG,DEMAND,normal,679.3,672.3,700.3,749.3,3.0
BNBUSDT,LONG,DEMAND,normal,678.54,672.94,695.3399999999997,734.539999999999,3.0
BNBUSDT,LONG,DEMAND,normal,678.14,673.16,693.08,727.9400000000002,3.0
BNBUSDT,LONG,DEMAND,normal,681.35,673.81,703.9700000000003,756.7500000000008,3.0
BNBUSDT,LONG,DEMAND,accuracy,678.75,675.34,688.9799999999999,712.8499999999997,3.0
BNBUSDT,LONG,DEMAND,normal,679.6,674.8,694.0000000000002,727.6000000000007,3.0
BNBUSDT,LONG,DEMAND,normal,678.4,676.0,685.5999999999999,702.3999999999997,3.0
BNBUSDT,LONG,DEMAND,normal,678.11,676.53,682.8500000000001,693.9100000000004,3.0
BNBUSDT,LONG,DEMAND,accuracy,677.49,676.8,679.5600000000002,684.3900000000006,3.0
BNBUSDT,LONG,DEMAND,normal,678.55,676.51,684.6699999999998,698.9499999999996,3.0
BNBUSDT,LONG,DEMAND,normal,679.05,678.0,682.1999999999998,689.5499999999995,3.0
XLMUSDT,LONG,DEMAND,normal,0.4033,0.3897,0.4441,0.5393,3.0
XLMUSDT,LONG,DEMAND,normal,0.4068,0.3906,0.45539999999999997,0.5688,3.0
XLMUSDT,LONG,DEMAND,normal,0.4094,0.3935,0.4570999999999999,0.5683999999999997,3.0
XLMUSDT,LONG,DEMAND,normal,0.4086,0.3944,0.45120000000000016,0.5506000000000004,3.0
XLMUSDT,LONG,DEMAND,normal,0.4041,0.3985,0.4209,0.46009999999999995,3.0
XLMUSDT,LONG,DEMAND,normal,0.4037,0.3971,0.4235,0.46969999999999995,3.0
XLMUSDT,LONG,DEMAND,normal,0.4049,0.398,0.42559999999999987,0.4738999999999996,3.0
XLMUSDT,LONG,DEMAND,normal,0.4048,0.3986,0.42339999999999994,0.4667999999999998,3.0
XLMUSDT,LONG,DEMAND,normal,0.4046,0.399,0.4214,0.46059999999999995,3.0
XLMUSDT,LONG,DEMAND,accuracy,0.4053,0.4003,0.4203,0.45530000000000004,3.0
XLMUSDT,LONG,DEMAND,normal,0.4074,0.4008,0.42719999999999997,0.47339999999999993,3.0
XLMUSDT,LONG,DEMAND,normal,0.4077,0.4022,0.4242,0.46270000000000006,3.0
XLMUSDT,LONG,DEMAND,normal,0.4021,0.4022,0.4024,0.4030999999999999,3.0
XLMUSDT,LONG,DEMAND,normal,0.4045,0.4023,0.41110000000000013,0.4265000000000004,3.0
XLMUSDT,LONG,DEMAND,normal,0.4043,0.403,0.4081999999999999,0.41729999999999967,3.0
XLMUSDT,LONG,DEMAND,normal,0.4038,0.4032,0.40559999999999996,0.4097999999999999,3.0
XLMUSDT,LONG,DEMAND,normal,0.4049,0.4042,0.4069999999999999,0.41189999999999977,3.0
ZECUSDT,LONG,DEMAND,normal,42.95,42.11,45.47000000000001,51.35000000000004,3.0
ZECUSDT,LONG,DEMAND,normal,43.04,42.35,45.10999999999999,49.939999999999976,3.0
ZECUSDT,LONG,DEMAND,normal,43.33,42.4,46.12,52.629999999999995,3.0
ZECUSDT,LONG,DEMAND,accuracy,42.76,43.07,43.690000000000005,45.86000000000002,3.0
ZECUSDT,LONG,DEMAND,normal,42.7,42.76,42.87999999999999,43.299999999999955,3.0
ZECUSDT,LONG,DEMAND,normal,43.0,43.04,43.12,43.39999999999999,3.0
ZECUSDT,LONG,DEMAND,normal,42.77,43.19,44.02999999999999,46.96999999999995,3.0
ZECUSDT,LONG,DEMAND,normal,42.9,43.29,44.07,46.800000000000004,3.0
ZECUSDT,LONG,DEMAND,normal,42.83,43.56,45.02000000000001,50.13000000000004,3.0
ZECUSDT,LONG,DEMAND,normal,42.91,43.66,45.16,50.41,3.0
ZECUSDT,LONG,DEMAND,normal,42.94,43.79,45.49,51.44000000000001,3.0
ZECUSDT,LONG,DEMAND,normal,43.41,43.94,45.0,48.71000000000001,3.0
ZECUSDT,LONG,DEMAND,normal,43.34,43.98,45.259999999999984,49.73999999999994,3.0
ZECUSDT,LONG,DEMAND,accuracy,43.27,44.26,46.23999999999999,53.16999999999995,3.0
ZECUSDT,LONG,DEMAND,normal,43.3,44.33,46.39,53.60000000000001,3.0
ZECUSDT,LONG,DEMAND,normal,42.92,44.38,47.300000000000004,57.52000000000001,3.0
ZECUSDT,LONG,DEMAND,normal,42.96,44.47,47.489999999999995,58.05999999999998,3.0
ZECUSDT,LONG,DEMAND,normal,43.01,44.29,46.85,55.81000000000001,3.0
ZECUSDT,LONG,DEMAND,accuracy,43.19,44.25,46.370000000000005,53.79000000000002,3.0
KAVAUSDT,SHORT,SUPPLY,accuracy,0.4256,0.4177,0.4014,0.4128178,3.063291139240521
KAVAUSDT,SHORT,SUPPLY,normal,0.424,0.4163,0.4002,0.4115414,3.0909090909090957
KAVAUSDT,SHORT,SUPPLY,normal,0.4273,0.4153,0.3913,0.40788399999999997,3.0
KAVAUSDT,SHORT,SUPPLY,normal,0.4279,0.4134,0.38439999999999996,0.404439,3.0
KAVAUSDT,SHORT,SUPPLY,normal,0.4405,0.422,0.38499999999999995,0.41056699999999996,3.0
KAVAUSDT,SHORT,SUPPLY,normal,0.4402,0.4203,0.38050000000000006,0.4080018,3.0
KAVAUSDT,SHORT,SUPPLY,normal,0.4409,0.42,0.3781999999999999,0.40708379999999994,3.0
KAVAUSDT,SHORT,SUPPLY,accuracy,0.4384,0.4189,0.37989999999999996,0.40684899999999996,3.0
KAVAUSDT,SHORT,SUPPLY,normal,0.4361,0.4223,0.39470000000000005,0.4137716,3.0
KAVAUSDT,SHORT,SUPPLY,normal,0.4373,0.4213,0.3893,0.411412,3.0
KAVAUSDT,SHORT,SUPPLY,normal,0.4359,0.4264,0.4071,0.420529,3.0315789473684176
KAVAUSDT,SHORT,SUPPLY,normal,0.4363,0.4255,0.4029,0.41882559999999996,3.0925925925925872
HIVEUSDT,LONG,DEMAND,accuracy,0.4006,0.4132,0.4384,0.5266,3.0
HIVEUSDT,LONG,DEMAND,normal,0.4088,0.4076,0.41239999999999993,0.4207999999999998,3.0
HIVEUSDT,LONG,DEMAND,accuracy,0.4105,0.4139,0.4207,0.4445000000000001,3.0
HIVEUSDT,LONG,DEMAND,normal,0.4126,0.4155,0.4212999999999999,0.4415999999999996,3.0
HIVEUSDT,LONG,DEMAND,normal,0.4116,0.4165,0.4262999999999999,0.4605999999999996,3.0
HIVEUSDT,LONG,DEMAND,accuracy,0.4101,0.4183,0.4347,0.49209999999999987,3.0
HIVEUSDT,LONG,DEMAND,accuracy,0.408,0.418,0.438,0.508,3.0
HIVEUSDT,LONG,DEMAND,normal,0.4103,0.4185,0.43489999999999995,0.49229999999999985,3.0
HIVEUSDT,LONG,DEMAND,accuracy,0.4048,0.4202,0.45100000000000007,0.5588000000000002,3.0
HIVEUSDT,LONG,DEMAND,normal,0.409,0.4173,0.43390000000000006,0.49200000000000027,3.0
HIVEUSDT,LONG,DEMAND,normal,0.4104,0.4177,0.4323000000000001,0.4834000000000003,3.0
HIVEUSDT,LONG,DEMAND,normal,0.409,0.4193,0.43990000000000007,0.5120000000000002,3.0
LRCUSDT,LONG,DEMAND,accuracy,0.1577,0.1629,0.17329999999999995,0.20969999999999983,3.0
LRCUSDT,LONG,DEMAND,normal,0.1626,0.1594,0.17220000000000002,0.19460000000000008,3.0
LRCUSDT,LONG,DEMAND,normal,0.1646,0.1604,0.17720000000000002,0.2066000000000001,3.0
LRCUSDT,LONG,DEMAND,normal,0.1639,0.1609,0.1729,0.19390000000000002,3.0
LRCUSDT,LONG,DEMAND,accuracy,0.1631,0.1611,0.1691,0.1831,3.0
LRCUSDT,LONG,DEMAND,normal,0.162,0.1622,0.16260000000000002,0.16400000000000006,3.0
LRCUSDT,LONG,DEMAND,normal,0.1625,0.1631,0.16429999999999997,0.1684999999999999,3.0
LRCUSDT,LONG,DEMAND,normal,0.1624,0.1628,0.16360000000000002,0.1664000000000001,3.0
LRCUSDT,LONG,DEMAND,normal,0.1626,0.1631,0.1641,0.1676,3.0
LRCUSDT,LONG,DEMAND,normal,0.1618,0.1635,0.16690000000000002,0.17880000000000007,3.0
LRCUSDT,LONG,DEMAND,normal,0.1638,0.1643,0.1653,0.1688,3.0
LRCUSDT,LONG,DEMAND,normal,0.1634,0.1646,0.167,0.17540000000000006,3.0
LRCUSDT,LONG,DEMAND,normal,0.1627,0.1648,0.16899999999999998,0.18369999999999992,3.0
LRCUSDT,LONG,DEMAND,accuracy,0.1619,0.166,0.17420000000000005,0.2029000000000002,3.0
LRCUSDT,LONG,DEMAND,normal,0.161,0.1658,0.1754,0.209,3.0
LRCUSDT,LONG,DEMAND,normal,0.1608,0.1666,0.1782,0.2188,3.0
LRCUSDT,LONG,DEMAND,normal,0.1619,0.1651,0.1715,0.19390000000000007,3.0
LRCUSDT,LONG,DEMAND,normal,0.1622,0.165,0.1706,0.19019999999999998,3.0
LRCUSDT,LONG,DEMAND,normal,0.1623,0.1654,0.17159999999999997,0.19329999999999992,3.0
LRCUSDT,LONG,DEMAND,normal,0.1626,0.1658,0.17220000000000002,0.19460000000000008,3.0
SNXUSDT,LONG,DEMAND,accuracy,1.436,1.527,1.7089999999999999,2.3459999999999996,3.0
SNXUSDT,LONG,DEMAND,normal,1.494,1.5,1.512,1.554,3.0
SNXUSDT,LONG,DEMAND,normal,1.505,1.508,1.5140000000000002,1.535000000000001,3.0
SNXUSDT,LONG,DEMAND,normal,1.482,1.532,1.6320000000000001,1.9820000000000004,3.0
SNXUSDT,LONG,DEMAND,normal,1.482,1.54,1.6560000000000001,2.0620000000000003,3.0
SNXUSDT,LONG,DEMAND,normal,1.482,1.53,1.6260000000000001,1.9620000000000004,3.0
SNXUSDT,LONG,DEMAND,normal,1.485,1.534,1.632,1.9749999999999994,3.0
SNXUSDT,LONG,DEMAND,normal,1.484,1.532,1.6280000000000001,1.9640000000000004,3.0
SNXUSDT,LONG,DEMAND,normal,1.483,1.538,1.648,2.0329999999999995,3.0
SNXUSDT,LONG,DEMAND,normal,1.484,1.545,1.6669999999999998,2.0939999999999994,3.0
SNXUSDT,LONG,DEMAND,normal,1.505,1.542,1.6160000000000003,1.8750000000000013,3.0
SNXUSDT,LONG,DEMAND,normal,1.5,1.546,1.6380000000000001,1.9600000000000004,3.0
SNXUSDT,LONG,DEMAND,normal,1.493,1.554,1.676,2.1029999999999998,3.0
SNXUSDT,LONG,DEMAND,normal,1.489,1.563,1.7109999999999996,2.2289999999999983,3.0
SNXUSDT,LONG,DEMAND,normal,1.486,1.548,1.6720000000000002,2.1060000000000008,3.0
SNXUSDT,LONG,DEMAND,normal,1.488,1.552,1.6800000000000002,2.1280000000000006,3.0
SNXUSDT,LONG,DEMAND,normal,1.494,1.555,1.6769999999999998,2.103999999999999,3.0
SNXUSDT,LONG,DEMAND,normal,1.495,1.556,1.678,2.1049999999999995,3.0
YFIUSDT,LONG,DEMAND,accuracy,7129.0,7135.0,7147.0,7189.0,3.0
YFIUSDT,LONG,DEMAND,normal,7300.0,7018.0,8146.0,10120.0,3.0
YFIUSDT,LONG,DEMAND,normal,7337.0,7047.0,8207.0,10237.0,3.0
YFIUSDT,LONG,DEMAND,normal,7253.0,7137.0,7601.0,8413.0,3.0
YFIUSDT,LONG,DEMAND,normal,7248.0,7103.0,7683.0,8698.0,3.0
YFIUSDT,LONG,DEMAND,normal,7284.0,7127.0,7755.0,8854.0,3.0
YFIUSDT,LONG,DEMAND,normal,7258.0,7136.0,7624.0,8478.0,3.0
YFIUSDT,LONG,DEMAND,normal,7253.0,7131.0,7619.0,8473.0,3.0
YFIUSDT,LONG,DEMAND,normal,7336.0,7156.0,7876.0,9136.0,3.0
YFIUSDT,LONG,DEMAND,normal,7325.0,7164.0,7808.0,8935.0,3.0
YFIUSDT,LONG,DEMAND,normal,7278.0,7180.0,7572.0,8258.0,3.0
YFIUSDT,LONG,DEMAND,accuracy,7261.0,7197.0,7453.0,7901.0,3.0
YFIUSDT,LONG,DEMAND,accuracy,7218.0,7197.0,7281.0,7428.0,3.0
YFIUSDT,LONG,DEMAND,normal,7261.0,7174.0,7522.0,8131.0,3.0
LUNAUSDT,LONG,DEMAND,accuracy,0.3131,0.3152,0.31939999999999996,0.3340999999999999,3.0
LUNAUSDT,LONG,DEMAND,accuracy,0.3202,0.3105,0.34929999999999994,0.41719999999999985,3.0
LUNAUSDT,LONG,DEMAND,normal,0.3235,0.3084,0.3688,0.47450000000000003,3.0
LUNAUSDT,LONG,DEMAND,normal,0.3259,0.3097,0.37450000000000017,0.4879000000000005,3.0
LUNAUSDT,LONG,DEMAND,normal,0.3276,0.3119,0.3747,0.4845999999999999,3.0
LUNAUSDT,LONG,DEMAND,normal,0.3253,0.3125,0.3636999999999999,0.45329999999999976,3.0
LUNAUSDT,LONG,DEMAND,normal,0.3239,0.3134,0.35540000000000005,0.4289000000000001,3.0
LUNAUSDT,LONG,DEMAND,normal,0.3225,0.3154,0.3438,0.39349999999999996,3.0
LUNAUSDT,LONG,DEMAND,normal,0.3226,0.3171,0.3391,0.37760000000000005,3.0
LUNAUSDT,LONG,DEMAND,normal,0.3227,0.3177,0.3377,0.37270000000000003,3.0
LUNAUSDT,LONG,DEMAND,normal,0.3224,0.3149,0.34490000000000004,0.3974000000000001,3.0
LUNAUSDT,LONG,DEMAND,normal,0.3238,0.3157,0.34809999999999997,0.40479999999999994,3.0
LUNAUSDT,LONG,DEMAND,normal,0.3225,0.3164,0.3408,0.38349999999999995,3.0
LUNAUSDT,LONG,DEMAND,normal,0.322,0.3176,0.33520000000000005,0.36600000000000016,3.0
LUNAUSDT,LONG,DEMAND,normal,0.3257,0.318,0.34879999999999994,0.40269999999999984,3.0
LUNAUSDT,LONG,DEMAND,normal,0.3227,0.3197,0.3317,0.3527,3.0
TRBUSDT,LONG,DEMAND,accuracy,45.97,46.11,46.39,47.370000000000005,3.0
TRBUSDT,LONG,DEMAND,normal,47.47,45.34,53.859999999999985,68.76999999999995,3.0
TRBUSDT,LONG,DEMAND,normal,47.83,45.45,54.969999999999985,71.62999999999995,3.0
TRBUSDT,LONG,DEMAND,normal,48.11,45.66,55.46000000000001,72.61000000000003,3.0
TRBUSDT,LONG,DEMAND,normal,47.43,45.83,52.230000000000004,63.430000000000014,3.0
TRBUSDT,LONG,DEMAND,normal,47.29,46.17,50.64999999999999,58.489999999999974,3.0
TRBUSDT,LONG,DEMAND,accuracy,47.26,46.49,49.569999999999986,54.95999999999996,3.0
TRBUSDT,LONG,DEMAND,normal,47.54,46.31,51.22999999999999,59.83999999999997,3.0
TRBUSDT,LONG,DEMAND,normal,47.41,46.39,50.469999999999985,57.60999999999996,3.0
TRBUSDT,LONG,DEMAND,normal,47.94,46.49,52.289999999999985,62.439999999999955,3.0
TRBUSDT,LONG,DEMAND,normal,47.76,46.59,51.26999999999998,59.459999999999944,3.0
TRBUSDT,LONG,DEMAND,accuracy,47.61,46.7,50.33999999999999,56.709999999999965,3.0
TRBUSDT,LONG,DEMAND,normal,47.18,46.81,48.28999999999999,50.879999999999974,3.0
TRBUSDT,LONG,DEMAND,normal,47.24,46.59,49.19,53.73999999999999,3.0
TRBUSDT,LONG,DEMAND,normal,47.32,46.75,49.03,53.02,3.0
TRBUSDT,LONG,DEMAND,normal,47.33,46.86,48.739999999999995,52.02999999999999,3.0
TRBUSDT,LONG,DEMAND,normal,47.49,46.69,49.890000000000015,55.490000000000045,3.0
SUSHIUSDT,LONG,DEMAND,accuracy,1.185,1.219,1.2870000000000001,1.5250000000000004,3.0
SUSHIUSDT,LONG,DEMAND,normal,1.236,1.19,1.374,1.6960000000000004,3.0
SUSHIUSDT,LONG,DEMAND,normal,1.246,1.193,1.4049999999999998,1.7759999999999994,3.0
SUSHIUSDT,LONG,DEMAND,normal,1.233,1.207,1.3110000000000002,1.4930000000000003,3.0
SUSHIUSDT,LONG,DEMAND,normal,1.227,1.213,1.2690000000000001,1.3670000000000002,3.0
SUSHIUSDT,LONG,DEMAND,normal,1.233,1.222,1.2660000000000005,1.3430000000000013,3.0
SUSHIUSDT,LONG,DEMAND,accuracy,1.236,1.222,1.278,1.3760000000000001,3.0
SUSHIUSDT,LONG,DEMAND,normal,1.233,1.221,1.2690000000000001,1.3530000000000002,3.0
SUSHIUSDT,LONG,DEMAND,normal,1.235,1.231,1.247,1.2750000000000001,3.0
SUSHIUSDT,LONG,DEMAND,normal,1.255,1.229,1.3329999999999993,1.514999999999998,3.0
SUSHIUSDT,LONG,DEMAND,normal,1.227,1.237,1.2570000000000001,1.3270000000000002,3.0
SUSHIUSDT,LONG,DEMAND,normal,1.218,1.241,1.2870000000000004,1.4480000000000013,3.0
SUSHIUSDT,LONG,DEMAND,normal,1.223,1.231,1.247,1.3030000000000002,3.0
SUSHIUSDT,LONG,DEMAND,normal,1.226,1.237,1.2590000000000003,1.3360000000000012,3.0
SUSHIUSDT,LONG,DEMAND,normal,1.225,1.237,1.2610000000000001,1.3450000000000002,3.0
SUSHIUSDT,LONG,DEMAND,normal,1.226,1.245,1.2830000000000004,1.4160000000000013,3.0
SUSHIUSDT,LONG,DEMAND,accuracy,1.23,1.258,1.314,1.5100000000000002,3.0
RUNEUSDT,LONG,DEMAND,normal,2.425,2.028,3.615999999999999,6.394999999999998,3.0
RUNEUSDT,LONG,DEMAND,normal,2.451,2.038,3.690000000000001,6.581000000000003,3.0
RUNEUSDT,LONG,DEMAND,normal,2.423,2.053,3.5330000000000004,6.123000000000001,3.0
RUNEUSDT,LONG,DEMAND,normal,2.418,2.061,3.4890000000000008,5.988000000000002,3.0
RUNEUSDT,LONG,DEMAND,normal,2.419,2.071,3.4629999999999996,5.898999999999999,3.0
RUNEUSDT,LONG,DEMAND,normal,2.426,2.085,3.4490000000000007,5.836000000000002,3.0
RUNEUSDT,LONG,DEMAND,normal,2.424,2.091,3.422999999999999,5.753999999999998,3.0
RUNEUSDT,LONG,DEMAND,normal,2.424,2.081,3.453,5.853999999999999,3.0
RUNEUSDT,LONG,DEMAND,accuracy,2.42,2.084,3.4279999999999995,5.7799999999999985,3.0
RUNEUSDT,LONG,DEMAND,normal,2.413,2.08,3.411999999999999,5.742999999999997,3.0
RUNEUSDT,LONG,DEMAND,normal,2.405,2.087,3.3589999999999987,5.5849999999999955,3.0
RUNEUSDT,LONG,DEMAND,normal,2.412,2.087,3.386999999999999,5.661999999999997,3.0
RUNEUSDT,LONG,DEMAND,normal,2.397,2.092,3.311999999999999,5.446999999999997,3.0
RUNEUSDT,LONG,DEMAND,normal,2.4,2.101,3.2969999999999997,5.389999999999999,3.0
RUNEUSDT,LONG,DEMAND,normal,2.377,2.11,3.1779999999999995,5.046999999999999,3.0
RUNEUSDT,LONG,DEMAND,normal,2.372,2.118,3.134,4.912,3.0
RUNEUSDT,LONG,DEMAND,normal,2.359,2.127,3.0550000000000006,4.679000000000002,3.0
RUNEUSDT,LONG,DEMAND,accuracy,2.344,2.141,2.9529999999999994,4.373999999999999,3.0
RUNEUSDT,LONG,DEMAND,normal,2.385,2.139,3.1229999999999998,4.845,3.0
RUNEUSDT,LONG,DEMAND,normal,2.384,2.151,3.083,4.714,3.0
RUNEUSDT,LONG,DEMAND,normal,2.381,2.16,3.0439999999999987,4.590999999999996,3.0
RUNEUSDT,LONG,DEMAND,normal,2.386,2.185,2.9890000000000003,4.396000000000001,3.0
RUNEUSDT,LONG,DEMAND,accuracy,2.38,2.208,2.895999999999999,4.099999999999997,3.0
UMAUSDT,LONG,DEMAND,normal,2.149,2.156,2.1700000000000004,2.219000000000001,3.0
UMAUSDT,LONG,DEMAND,normal,2.221,2.125,2.5090000000000003,3.181000000000001,3.0
UMAUSDT,LONG,DEMAND,normal,2.232,2.13,2.538000000000001,3.2520000000000033,3.0
UMAUSDT,LONG,DEMAND,normal,2.248,2.142,2.566000000000001,3.3080000000000034,3.0
UMAUSDT,LONG,DEMAND,normal,2.231,2.146,2.4859999999999998,3.0809999999999995,3.0
UMAUSDT,LONG,DEMAND,normal,2.211,2.166,2.3459999999999996,2.660999999999999,3.0
UMAUSDT,LONG,DEMAND,normal,2.213,2.176,2.324,2.5829999999999993,3.0
UMAUSDT,LONG,DEMAND,normal,2.235,2.168,2.435999999999999,2.904999999999997,3.0
UMAUSDT,LONG,DEMAND,accuracy,2.228,2.171,2.3990000000000014,2.798000000000004,3.0
UMAUSDT,LONG,DEMAND,normal,2.217,2.164,2.376,2.7469999999999994,3.0
UMAUSDT,LONG,DEMAND,normal,2.223,2.176,2.363999999999999,2.692999999999997,3.0
UMAUSDT,LONG,DEMAND,normal,2.237,2.177,2.4170000000000003,2.8370000000000006,3.0
UMAUSDT,LONG,DEMAND,normal,2.229,2.177,2.3850000000000002,2.7490000000000006,3.0
UMAUSDT,LONG,DEMAND,normal,2.233,2.18,2.392,2.7629999999999995,3.0
UMAUSDT,LONG,DEMAND,normal,2.225,2.183,2.351000000000001,2.6450000000000027,3.0
UNIUSDT,LONG,DEMAND,normal,10.961,11.672,13.094000000000001,18.071000000000005,3.0
UNIUSDT,LONG,DEMAND,normal,10.991,11.731,13.211,18.391000000000002,3.0
UNIUSDT,LONG,DEMAND,normal,11.086,11.781,13.171000000000001,18.036,3.0
UNIUSDT,LONG,DEMAND,normal,10.876,11.834,13.75,20.456000000000003,3.0
UNIUSDT,LONG,DEMAND,normal,10.918,11.884,13.816000000000003,20.57800000000001,3.0
UNIUSDT,LONG,DEMAND,normal,10.921,11.904,13.870000000000001,20.751000000000005,3.0
UNIUSDT,LONG,DEMAND,normal,10.905,11.845,13.725000000000003,20.305000000000014,3.0
UNIUSDT,LONG,DEMAND,normal,10.946,11.894,13.790000000000001,20.426000000000002,3.0
UNIUSDT,LONG,DEMAND,normal,10.961,11.924,13.849999999999998,20.590999999999994,3.0
UNIUSDT,LONG,DEMAND,normal,10.992,11.968,13.919999999999998,20.751999999999992,3.0
UNIUSDT,LONG,DEMAND,normal,11.008,11.923,13.753000000000002,20.15800000000001,3.0
UNIUSDT,LONG,DEMAND,normal,10.983,11.979,13.970999999999997,20.942999999999987,3.0
UNIUSDT,LONG,DEMAND,normal,10.887,12.025,14.301,22.267,3.0
UNIUSDT,LONG,DEMAND,normal,10.885,12.066,14.428000000000003,22.695000000000007,3.0
UNIUSDT,LONG,DEMAND,normal,10.929,12.006,14.16,21.698999999999998,3.0
CVXUSDT,LONG,DEMAND,accuracy,2.987,2.953,3.089000000000001,3.3270000000000026,3.0
CVXUSDT,LONG,DEMAND,normal,3.083,2.887,3.6710000000000007,5.043000000000002,3.0
CVXUSDT,LONG,DEMAND,accuracy,3.128,2.882,3.866,5.588,3.0
CVXUSDT,LONG,DEMAND,normal,3.16,2.901,3.937000000000001,5.7500000000000036,3.0
CVXUSDT,LONG,DEMAND,normal,3.11,2.955,3.5749999999999993,4.659999999999998,3.0
CVXUSDT,LONG,DEMAND,normal,3.114,2.959,3.5789999999999993,4.663999999999998,3.0
CVXUSDT,LONG,DEMAND,normal,3.118,2.97,3.561999999999999,4.597999999999997,3.0
CVXUSDT,LONG,DEMAND,accuracy,3.124,2.994,3.514,4.4239999999999995,3.0
CVXUSDT,LONG,DEMAND,normal,3.132,3.006,3.510000000000001,4.392000000000003,3.0
CVXUSDT,LONG,DEMAND,normal,3.153,3.005,3.5970000000000004,4.633000000000001,3.0
CVXUSDT,LONG,DEMAND,normal,3.205,3.031,3.727,4.944999999999999,3.0
CVXUSDT,LONG,DEMAND,normal,3.174,3.05,3.5460000000000003,4.4140000000000015,3.0
CVXUSDT,LONG,DEMAND,normal,3.161,3.068,3.44,4.090999999999999,3.0
CVXUSDT,LONG,DEMAND,normal,3.148,3.089,3.3250000000000006,3.7380000000000018,3.0
CVXUSDT,LONG,DEMAND,normal,3.116,3.087,3.203,3.4059999999999993,3.0
CVXUSDT,LONG,DEMAND,accuracy,3.119,3.096,3.1880000000000006,3.3490000000000015,3.0
CVXUSDT,LONG,DEMAND,accuracy,3.11,3.099,3.142999999999999,3.2199999999999966,3.0
CVXUSDT,LONG,DEMAND,normal,3.108,3.104,3.12,3.148,3.0
CVXUSDT,LONG,DEMAND,accuracy,3.11,3.101,3.1369999999999996,3.199999999999999,3.0
JOEUSDT,LONG,DEMAND,accuracy,0.308,0.3116,0.3188,0.3439999999999999,3.0
JOEUSDT,LONG,DEMAND,normal,0.3187,0.305,0.35979999999999995,0.4556999999999999,3.0
JOEUSDT,LONG,DEMAND,normal,0.3207,0.3062,0.36419999999999986,0.46569999999999956,3.0
JOEUSDT,LONG,DEMAND,normal,0.3213,0.3088,0.35879999999999984,0.44629999999999953,3.0
JOEUSDT,LONG,DEMAND,normal,0.3166,0.3112,0.33280000000000004,0.37060000000000015,3.0
JOEUSDT,LONG,DEMAND,normal,0.3177,0.3135,0.3302999999999999,0.3596999999999998,3.0
JOEUSDT,LONG,DEMAND,normal,0.3178,0.3118,0.33580000000000004,0.3778000000000001,3.0
JOEUSDT,LONG,DEMAND,normal,0.3172,0.313,0.3297999999999999,0.3591999999999998,3.0
JOEUSDT,LONG,DEMAND,normal,0.3195,0.3133,0.33809999999999996,0.38149999999999984,3.0
JOEUSDT,LONG,DEMAND,normal,0.3178,0.3139,0.32950000000000007,0.3568000000000002,3.0
JOEUSDT,LONG,DEMAND,normal,0.3187,0.3154,0.3285999999999999,0.3516999999999997,3.0
JOEUSDT,LONG,DEMAND,accuracy,0.3209,0.3186,0.3278000000000001,0.34390000000000026,3.0
JOEUSDT,LONG,DEMAND,normal,0.3206,0.3181,0.3281,0.3456,3.0
JOEUSDT,LONG,DEMAND,normal,0.316,0.319,0.325,0.34600000000000003,3.0
JOEUSDT,LONG,DEMAND,normal,0.3182,0.3164,0.3235999999999999,0.33619999999999967,3.0
JOEUSDT,LONG,DEMAND,normal,0.3184,0.3171,0.3223000000000001,0.33140000000000025,3.0
PROSUSDT,LONG,DEMAND,normal,0.4483,0.4355,0.4866999999999999,0.5762999999999998,3.0
PROSUSDT,LONG,DEMAND,normal,0.4497,0.438,0.48479999999999995,0.5666999999999999,3.0
PROSUSDT,LONG,DEMAND,normal,0.4501,0.4411,0.4771,0.5401,3.0
PROSUSDT,LONG,DEMAND,normal,0.4455,0.4427,0.4539000000000001,0.47350000000000025,3.0
PROSUSDT,LONG,DEMAND,normal,0.4484,0.4449,0.45890000000000003,0.48340000000000005,3.0
PROSUSDT,LONG,DEMAND,normal,0.45,0.4444,0.4668,0.506,3.0
PROSUSDT,LONG,DEMAND,normal,0.4529,0.4411,0.4883000000000001,0.5709000000000004,3.0
PROSUSDT,LONG,DEMAND,normal,0.4542,0.4416,0.492,0.5802,3.0
PROSUSDT,LONG,DEMAND,normal,0.4482,0.443,0.46379999999999993,0.5001999999999998,3.0
PROSUSDT,LONG,DEMAND,normal,0.4488,0.4432,0.46559999999999996,0.5047999999999999,3.0
PROSUSDT,LONG,DEMAND,normal,0.4485,0.4442,0.4614000000000001,0.49150000000000027,3.0
PROSUSDT,LONG,DEMAND,normal,0.4494,0.4469,0.45690000000000003,0.47440000000000004,3.0
PROSUSDT,LONG,DEMAND,normal,0.4437,0.4462,0.4512,0.4687,3.0
PROSUSDT,LONG,DEMAND,normal,0.4443,0.4458,0.4488,0.4593,3.0
PROSUSDT,LONG,DEMAND,normal,0.4424,0.4481,0.45949999999999996,0.49939999999999984,3.0
PROSUSDT,LONG,DEMAND,normal,0.4443,0.4491,0.45870000000000005,0.49230000000000024,3.0
PROSUSDT,LONG,DEMAND,accuracy,0.4411,0.448,0.46180000000000004,0.5101000000000002,3.0
SYNUSDT,LONG,DEMAND,accuracy,0.4291,0.4409,0.4645000000000001,0.5471000000000004,3.0
SYNUSDT,LONG,DEMAND,normal,0.4451,0.4314,0.48619999999999997,0.5820999999999998,3.0
SYNUSDT,LONG,DEMAND,normal,0.4481,0.4323,0.49549999999999994,0.6060999999999999,3.0
SYNUSDT,LONG,DEMAND,normal,0.4516,0.436,0.4984,0.6076,3.0
SYNUSDT,LONG,DEMAND,normal,0.4458,0.4369,0.47249999999999986,0.5347999999999996,3.0
SYNUSDT,LONG,DEMAND,normal,0.4446,0.4398,0.4589999999999999,0.4925999999999997,3.0
SYNUSDT,LONG,DEMAND,normal,0.446,0.4429,0.4553,0.4769999999999999,3.0
SYNUSDT,LONG,DEMAND,normal,0.4504,0.4424,0.47440000000000004,0.5304000000000001,3.0
SYNUSDT,LONG,DEMAND,normal,0.4485,0.4417,0.4689000000000001,0.5165000000000003,3.0
SYNUSDT,LONG,DEMAND,normal,0.4561,0.4441,0.49210000000000004,0.5761000000000001,3.0
SYNUSDT,LONG,DEMAND,normal,0.4511,0.4466,0.4646,0.49610000000000004,3.0
SYNUSDT,LONG,DEMAND,normal,0.4469,0.4483,0.4510999999999999,0.4608999999999996,3.0
SYNUSDT,LONG,DEMAND,normal,0.4467,0.4501,0.45690000000000003,0.4807000000000001,3.0
GASUSDT,LONG,DEMAND,normal,4.694,4.527,5.194999999999999,6.363999999999998,3.0
GASUSDT,LONG,DEMAND,normal,4.715,4.543,5.230999999999999,6.434999999999997,3.0
GASUSDT,LONG,DEMAND,normal,4.653,4.599,4.814999999999998,5.192999999999993,3.0
GASUSDT,LONG,DEMAND,normal,4.654,4.605,4.800999999999998,5.143999999999995,3.0
GASUSDT,LONG,DEMAND,normal,4.656,4.615,4.778999999999998,5.0659999999999945,3.0
GASUSDT,LONG,DEMAND,normal,4.687,4.621,4.885,5.346999999999999,3.0
GASUSDT,LONG,DEMAND,normal,4.712,4.629,4.961,5.542000000000002,3.0
GASUSDT,LONG,DEMAND,normal,4.695,4.634,4.878,5.305,3.0
GASUSDT,LONG,DEMAND,normal,4.655,4.659,4.666999999999999,4.694999999999996,3.0
GASUSDT,LONG,DEMAND,normal,4.63,4.666,4.738000000000001,4.990000000000005,3.0
GASUSDT,LONG,DEMAND,normal,4.618,4.673,4.7829999999999995,5.1679999999999975,3.0
GASUSDT,LONG,DEMAND,normal,4.615,4.68,4.809999999999999,5.264999999999995,3.0
GASUSDT,LONG,DEMAND,normal,4.633,4.662,4.72,4.922999999999999,3.0
GASUSDT,LONG,DEMAND,normal,4.648,4.677,4.734999999999999,4.937999999999999,3.0
GASUSDT,LONG,DEMAND,normal,4.661,4.679,4.715000000000002,4.841000000000006,3.0
GLMUSDT,LONG,DEMAND,accuracy,0.3177,0.3202,0.3252,0.3427,3.0
GLMUSDT,LONG,DEMAND,normal,0.3272,0.3142,0.3662,0.4572000000000001,3.0
GLMUSDT,LONG,DEMAND,normal,0.329,0.3152,0.3704000000000001,0.46700000000000036,3.0
GLMUSDT,LONG,DEMAND,normal,0.3305,0.3165,0.37250000000000005,0.47050000000000014,3.0
GLMUSDT,LONG,DEMAND,accuracy,0.3275,0.317,0.35900000000000004,0.4325000000000001,3.0
GLMUSDT,LONG,DEMAND,normal,0.3253,0.3188,0.3448,0.39030000000000004,3.0
GLMUSDT,LONG,DEMAND,normal,0.3255,0.3206,0.34020000000000006,0.37450000000000017,3.0
GLMUSDT,LONG,DEMAND,normal,0.3262,0.3201,0.3445,0.38719999999999993,3.0
GLMUSDT,LONG,DEMAND,accuracy,0.3259,0.324,0.33160000000000006,0.34490000000000015,3.0
GLMUSDT,LONG,DEMAND,normal,0.324,0.3247,0.32609999999999995,0.3309999999999998,3.0
GLMUSDT,LONG,DEMAND,normal,0.3256,0.3236,0.3316,0.3456,3.0
GLMUSDT,LONG,DEMAND,normal,0.3256,0.3241,0.3301,0.3406,3.0
GLMUSDT,LONG,DEMAND,normal,0.3254,0.3247,0.3275000000000001,0.33240000000000036,3.0
CYBERUSDT,LONG,DEMAND,accuracy,2.482,2.424,2.656000000000001,3.062000000000003,3.0
CYBERUSDT,LONG,DEMAND,normal,2.571,2.378,3.1500000000000004,4.501000000000001,3.0
CYBERUSDT,LONG,DEMAND,normal,2.588,2.382,3.206,4.648,3.0
CYBERUSDT,LONG,DEMAND,normal,2.558,2.424,2.9599999999999995,3.897999999999999,3.0
CYBERUSDT,LONG,DEMAND,normal,2.565,2.438,2.9459999999999993,3.8349999999999977,3.0
CYBERUSDT,LONG,DEMAND,normal,2.573,2.43,3.0019999999999993,4.002999999999998,3.0
CYBERUSDT,LONG,DEMAND,normal,2.573,2.429,3.0050000000000003,4.013000000000002,3.0
CYBERUSDT,LONG,DEMAND,normal,2.568,2.441,2.9490000000000007,3.8380000000000023,3.0
CYBERUSDT,LONG,DEMAND,normal,2.574,2.446,2.957999999999999,3.8539999999999965,3.0
CYBERUSDT,LONG,DEMAND,normal,2.604,2.446,3.078,4.183999999999999,3.0
CYBERUSDT,LONG,DEMAND,normal,2.597,2.452,3.032,4.047000000000001,3.0
CYBERUSDT,LONG,DEMAND,accuracy,2.568,2.475,2.847,3.4979999999999998,3.0
CYBERUSDT,LONG,DEMAND,accuracy,2.562,2.463,2.858999999999999,3.5519999999999974,3.0
CYBERUSDT,LONG,DEMAND,normal,2.572,2.467,2.887,3.622,3.0
CYBERUSDT,LONG,DEMAND,normal,2.574,2.475,2.870999999999999,3.5639999999999974,3.0
CYBERUSDT,LONG,DEMAND,normal,2.576,2.481,2.8610000000000007,3.526000000000002,3.0
JUPUSDT,LONG,DEMAND,normal,1.0584,1.0658,1.0806000000000002,1.1324000000000007,3.0
JUPUSDT,LONG,DEMAND,normal,1.0626,1.0759,1.1025000000000003,1.1956000000000009,3.0
JUPUSDT,LONG,DEMAND,normal,1.0714,1.0841,1.1095000000000004,1.1984000000000015,3.0
JUPUSDT,LONG,DEMAND,normal,1.0695,1.0941,1.1433000000000004,1.3155000000000017,3.0
JUPUSDT,LONG,DEMAND,normal,1.0792,1.1122,1.1782000000000004,1.4092000000000013,3.0
JUPUSDT,LONG,DEMAND,normal,1.0963,1.1223,1.1743000000000001,1.3563000000000003,3.0
JUPUSDT,LONG,DEMAND,normal,1.1104,1.1311,1.1724999999999999,1.3173999999999995,3.0
JUPUSDT,LONG,DEMAND,normal,1.1316,1.1217,1.1613,1.2306000000000001,3.0
JUPUSDT,LONG,DEMAND,normal,1.1209,1.1258,1.1355999999999997,1.169899999999999,3.0
JUPUSDT,LONG,DEMAND,normal,1.1553,1.1322,1.2245999999999997,1.386299999999999,3.0
JUPUSDT,LONG,DEMAND,accuracy,1.126,1.145,1.1830000000000003,1.3160000000000012,3.0
JUPUSDT,LONG,DEMAND,normal,1.1613,1.1172,1.2936,1.6023000000000003,3.0
ZKUSDT,LONG,DEMAND,accuracy,0.1399,0.1398,0.14019999999999996,0.1408999999999999,3.0
ZKUSDT,LONG,DEMAND,normal,0.1451,0.1374,0.16820000000000004,0.22210000000000013,3.0
ZKUSDT,LONG,DEMAND,normal,0.1466,0.1383,0.1715,0.22960000000000003,3.0
ZKUSDT,LONG,DEMAND,normal,0.1433,0.1395,0.1547,0.1813,3.0
ZKUSDT,LONG,DEMAND,normal,0.1433,0.1402,0.15260000000000007,0.1743000000000002,3.0
ZKUSDT,LONG,DEMAND,normal,0.1437,0.1392,0.1572,0.18870000000000003,3.0
ZKUSDT,LONG,DEMAND,normal,0.1435,0.1395,0.15549999999999992,0.18349999999999975,3.0
ZKUSDT,LONG,DEMAND,normal,0.1434,0.1405,0.15209999999999996,0.17239999999999986,3.0
ZKUSDT,LONG,DEMAND,normal,0.1453,0.1408,0.15880000000000002,0.19030000000000005,3.0
ZKUSDT,LONG,DEMAND,normal,0.1449,0.1411,0.1563,0.18289999999999998,3.0
ZKUSDT,LONG,DEMAND,accuracy,0.1444,0.1415,0.15310000000000004,0.17340000000000014,3.0
ZKUSDT,LONG,DEMAND,accuracy,0.1428,0.1424,0.14400000000000004,0.14680000000000012,3.0
ZKUSDT,LONG,DEMAND,normal,0.1417,0.1421,0.14290000000000003,0.1457000000000001,3.0
ZKUSDT,LONG,DEMAND,accuracy,0.1416,0.1424,0.144,0.14959999999999996,3.0
ZKUSDT,LONG,DEMAND,normal,0.1427,0.1421,0.14449999999999996,0.1486999999999999,3.0
RENDERUSDT,SHORT,SUPPLY,normal,6.047,5.529,4.493,5.208876,3.0
RENDERUSDT,SHORT,SUPPLY,normal,6.066,5.511,4.401000000000001,5.168010000000001,3.0
RENDERUSDT,SHORT,SUPPLY,normal,6.239,5.452,3.878,4.965634,3.0
RENDERUSDT,SHORT,SUPPLY,normal,6.236,5.641,4.4510000000000005,5.27329,3.0
RENDERUSDT,SHORT,SUPPLY,normal,6.187,5.734,4.827999999999999,5.454046,3.0
RENDERUSDT,SHORT,SUPPLY,normal,6.118,5.725,4.938999999999998,5.482125999999999,3.0
RENDERUSDT,SHORT,SUPPLY,normal,6.181,5.715,4.7829999999999995,5.4270119999999995,3.0
RENDERUSDT,SHORT,SUPPLY,normal,6.185,5.688,4.694,5.380853999999999,3.0
RENDERUSDT,SHORT,SUPPLY,accuracy,6.232,5.731,4.728999999999999,5.4213819999999995,3.0
RENDERUSDT,SHORT,SUPPLY,normal,6.206,5.724,4.76,5.426124,3.0
TONUSDT,LONG,DEMAND,normal,4.965,4.813,5.421,6.485000000000001,3.0
TONUSDT,LONG,DEMAND,normal,4.98,4.82,5.460000000000001,6.580000000000002,3.0
TONUSDT,LONG,DEMAND,normal,5.001,4.838,5.490000000000001,6.631000000000003,3.0
TONUSDT,LONG,DEMAND,normal,4.998,4.859,5.415000000000001,6.388000000000003,3.0
TONUSDT,LONG,DEMAND,normal,4.994,4.875,5.350999999999999,6.1839999999999975,3.0
TONUSDT,LONG,DEMAND,normal,5.004,4.881,5.3729999999999976,6.233999999999993,3.0
TONUSDT,LONG,DEMAND,normal,4.997,4.888,5.324,6.087,3.0
TONUSDT,LONG,DEMAND,normal,5.007,4.884,5.375999999999998,6.236999999999993,3.0
TONUSDT,LONG,DEMAND,normal,5.004,4.896,5.3279999999999985,6.083999999999996,3.0
TONUSDT,LONG,DEMAND,normal,5.022,4.898,5.394000000000002,6.262000000000006,3.0
TONUSDT,LONG,DEMAND,normal,5.012,4.905,5.3329999999999975,6.081999999999993,3.0
TONUSDT,LONG,DEMAND,normal,4.992,4.915,5.223,5.762,3.0
TONUSDT,LONG,DEMAND,normal,4.98,4.917,5.169000000000002,5.6100000000000065,3.0
TONUSDT,LONG,DEMAND,normal,4.976,4.917,5.1530000000000005,5.566000000000002,3.0
TONUSDT,LONG,DEMAND,normal,4.988,4.906,5.234000000000003,5.808000000000008,3.0
TONUSDT,LONG,DEMAND,normal,4.988,4.932,5.156000000000001,5.548000000000001,3.0
USUALUSDT,LONG,DEMAND,accuracy,0.3006,0.2978,0.3089999999999999,0.32859999999999967,3.0
USUALUSDT,LONG,DEMAND,normal,0.3003,0.2976,0.3084000000000001,0.32730000000000037,3.0
USUALUSDT,LONG,DEMAND,normal,0.3168,0.2932,0.38760000000000006,0.5528000000000002,3.0
USUALUSDT,LONG,DEMAND,normal,0.3198,0.2948,0.3947999999999999,0.5697999999999996,3.0
USUALUSDT,LONG,DEMAND,normal,0.3234,0.2961,0.40530000000000016,0.5964000000000005,3.0
USUALUSDT,LONG,DEMAND,normal,0.3186,0.2981,0.38010000000000005,0.5236000000000002,3.0
USUALUSDT,LONG,DEMAND,normal,0.3165,0.2986,0.3702000000000001,0.4955000000000003,3.0
USUALUSDT,LONG,DEMAND,normal,0.3144,0.3023,0.3507,0.4354,3.0
USUALUSDT,LONG,DEMAND,normal,0.3146,0.3029,0.34969999999999996,0.4315999999999999,3.0
USUALUSDT,LONG,DEMAND,normal,0.313,0.3041,0.33970000000000006,0.4020000000000002,3.0
USUALUSDT,LONG,DEMAND,normal,0.3139,0.3037,0.3445,0.4158999999999999,3.0
USUALUSDT,LONG,DEMAND,normal,0.3125,0.3076,0.32720000000000005,0.36150000000000015,3.0
USUALUSDT,LONG,DEMAND,normal,0.317,0.3092,0.3404000000000001,0.3950000000000003,3.0
USUALUSDT,LONG,DEMAND,normal,0.3158,0.3116,0.32840000000000014,0.3578000000000004,3.0
USUALUSDT,LONG,DEMAND,normal,0.3134,0.3125,0.31610000000000005,0.32240000000000013,3.0
USUALUSDT,LONG,DEMAND,normal,0.3126,0.3088,0.3239999999999999,0.3505999999999997,3.0
USUALUSDT,LONG,DEMAND,normal,0.3109,0.3123,0.31510000000000005,0.32490000000000013,3.0
USUALUSDT,LONG,DEMAND,normal,0.31,0.3139,0.32170000000000004,0.34900000000000014,3.0
USUALUSDT,LONG,DEMAND,accuracy,0.307,0.3176,0.3388,0.413,3.0
USUALUSDT,LONG,DEMAND,normal,0.312,0.3168,0.3264000000000001,0.36000000000000026,3.0
USUALUSDT,LONG,DEMAND,normal,0.3126,0.3186,0.3306,0.37260000000000004,3.0
USUALUSDT,LONG,DEMAND,normal,0.3114,0.3215,0.3417,0.4124,3.0
USUALUSDT,LONG,DEMAND,normal,0.3133,0.3245,0.3469,0.4252999999999999,3.0
USUALUSDT,LONG,DEMAND,normal,0.3109,0.3304,0.36940000000000006,0.5059000000000002,3.0
THEUSDT,LONG,DEMAND,normal,0.6882,0.6515,0.7983000000000002,1.0552000000000006,3.0
THEUSDT,LONG,DEMAND,normal,0.6907,0.6544,0.7996,1.0537,3.0
THEUSDT,LONG,DEMAND,normal,0.6976,0.6553,0.8245,1.1206,3.0
THEUSDT,LONG,DEMAND,normal,0.6888,0.668,0.7511999999999998,0.8967999999999993,3.0
THEUSDT,LONG,DEMAND,normal,0.6885,0.6749,0.7292999999999998,0.8244999999999995,3.0
THEUSDT,LONG,DEMAND,normal,0.6945,0.6691,0.7706999999999999,0.9484999999999998,3.0
THEUSDT,LONG,DEMAND,normal,0.6903,0.6716,0.7464000000000002,0.8773000000000005,3.0
THEUSDT,LONG,DEMAND,normal,0.6896,0.6727,0.7403000000000001,0.8586000000000003,3.0
THEUSDT,LONG,DEMAND,normal,0.7015,0.6777,0.7729000000000001,0.9395000000000004,3.0
THEUSDT,LONG,DEMAND,normal,0.6907,0.6752,0.7371999999999999,0.8456999999999996,3.0
THEUSDT,LONG,DEMAND,normal,0.6899,0.6764,0.7303999999999998,0.8248999999999995,3.0
THEUSDT,LONG,DEMAND,normal,0.6896,0.6783,0.7234999999999999,0.8025999999999998,3.0
MOVEUSDT,SHORT,SUPPLY,normal,0.6976,0.8062,0.3717999999999999,0.5218851999999999,3.0
MOVEUSDT,SHORT,SUPPLY,normal,0.6984,0.8042,0.381,0.5272156,3.0
MOVEUSDT,SHORT,SUPPLY,normal,0.6976,0.8025,0.3829,0.5278718,3.0
MOVEUSDT,SHORT,SUPPLY,normal,0.7228,0.8153,0.4452999999999999,0.573135,3.0
MOVEUSDT,SHORT,SUPPLY,normal,0.723,0.8087,0.4659,0.5843374,3.0
MOVEUSDT,SHORT,SUPPLY,normal,0.7139,0.8039,0.4439000000000001,0.56828,3.0
MOVEUSDT,SHORT,SUPPLY,normal,0.7342,0.8055,0.5202999999999999,0.6188365999999998,3.0
MOVEUSDT,SHORT,SUPPLY,normal,0.7259,0.8094,0.47539999999999993,0.590797,3.0
MOVEUSDT,SHORT,SUPPLY,normal,0.7233,0.8164,0.4440000000000002,0.5726642000000001,3.0
MOVEUSDT,SHORT,SUPPLY,normal,0.7099,0.822,0.37360000000000004,0.5285222,3.0
MOVEUSDT,SHORT,SUPPLY,normal,0.7108,0.8168,0.39280000000000004,0.539292,3.0
MOVEUSDT,SHORT,SUPPLY,normal,0.7113,0.8141,0.40290000000000004,0.5449696,3.0
MOVEUSDT,SHORT,SUPPLY,normal,0.7091,0.8123,0.39949999999999974,0.5421223999999998,3.0
MOVEUSDT,SHORT,SUPPLY,normal,0.7115,0.8168,0.3956000000000002,0.5411246000000001,3.0
MOVEUSDT,SHORT,SUPPLY,normal,0.7115,0.8114,0.41180000000000005,0.5498618000000001,3.0
MEUSDT,LONG,DEMAND,normal,1.886,1.796,2.1559999999999997,2.7859999999999987,3.0000000000000027
MEUSDT,LONG,DEMAND,normal,1.899,1.812,2.16,2.7689999999999997,3.0000000000000027
MEUSDT,LONG,DEMAND,accuracy,1.914,1.835,2.151,2.7039999999999997,3.0
MEUSDT,LONG,DEMAND,normal,1.887,1.847,2.007,2.2870000000000004,3.0
MEUSDT,LONG,DEMAND,normal,1.893,1.864,1.9799999999999998,2.182999999999999,3.0
MEUSDT,LONG,DEMAND,normal,1.902,1.859,2.0309999999999997,2.331999999999999,3.0
MEUSDT,LONG,DEMAND,normal,1.9,1.855,2.0349999999999997,2.349999999999999,3.0
MEUSDT,LONG,DEMAND,normal,1.914,1.871,2.0429999999999997,2.3439999999999994,3.0
MEUSDT,LONG,DEMAND,normal,1.919,1.881,2.0330000000000004,2.2990000000000004,3.0000000000000058
MEUSDT,LONG,DEMAND,normal,1.904,1.89,1.946,2.044,3.0
MEUSDT,LONG,DEMAND,accuracy,1.899,1.894,1.9140000000000004,1.9490000000000012,3.0
MEUSDT,LONG,DEMAND,normal,1.893,1.909,1.941,2.053,3.0
MEUSDT,LONG,DEMAND,normal,1.891,1.911,1.951,2.091,3.0
MEUSDT,LONG,DEMAND,normal,1.89,1.918,1.974,2.17,3.0
VANAUSDT,LONG,DEMAND,accuracy,8.996,8.845,9.449,10.505999999999998,3.0
VANAUSDT,LONG,DEMAND,accuracy,9.019,8.767,9.775000000000002,11.539000000000007,3.0
VANAUSDT,LONG,DEMAND,normal,9.202,8.748,10.564000000000002,13.742000000000006,3.0
VANAUSDT,LONG,DEMAND,normal,9.217,8.862,10.282000000000002,12.767000000000005,3.0
VANAUSDT,LONG,DEMAND,accuracy,9.384,8.97,10.626,13.523999999999997,3.0
VANAUSDT,LONG,DEMAND,accuracy,9.31,8.992,10.264,12.489999999999997,3.0
VANAUSDT,LONG,DEMAND,normal,9.228,8.938,10.097999999999997,12.127999999999991,3.0
VANAUSDT,LONG,DEMAND,normal,9.244,8.981,10.033,11.873999999999999,3.0
VANAUSDT,LONG,DEMAND,accuracy,9.199,9.0,9.796,11.188999999999998,3.0
VANAUSDT,LONG,DEMAND,normal,9.55,8.966,11.302000000000005,15.390000000000015,3.0
VANAUSDT,LONG,DEMAND,normal,9.618,9.018,11.418,15.617999999999997,3.0
VANAUSDT,LONG,DEMAND,accuracy,9.319,9.011,10.243000000000006,12.399000000000017,3.0
VANAUSDT,LONG,DEMAND,normal,9.324,9.043,10.167000000000002,12.134000000000006,3.0
VANAUSDT,LONG,DEMAND,normal,9.391,9.076,10.335999999999999,12.540999999999995,3.0
